SeniorCitizen,Tenure,Contract,PaymentMethod,MonthlyCharges,TotalCharges,Churn
0,15,Month-to-month,Electronic check,60.96,918.65,Yes
0,4,Two year,Credit card,74.08,304.33,No
0,63,Month-to-month,Electronic check,20.2,1280.62,Yes
0,40,Month-to-month,Credit card,44.77,1806.05,No
0,9,Month-to-month,Credit card,69.24,628.23,Yes
0,9,Month-to-month,Credit card,88.61,790.33,Yes
0,26,Two year,Bank transfer,36.54,940.32,No
0,4,One year,Electronic check,71.95,271.85,No
0,16,Month-to-month,Bank transfer,87.87,1408.19,Yes
0,15,Month-to-month,Mailed check,62.24,953.42,No
0,52,One year,Electronic check,22.57,1168.26,No
1,69,One year,Credit card,62.68,4331.66,No
0,5,Month-to-month,Bank transfer,48.16,229.52,Yes
0,20,Two year,Bank transfer,108.32,2169.32,No
0,18,Month-to-month,Electronic check,31.84,592.01,Yes
0,2,Month-to-month,Electronic check,81.99,174.27,Yes
0,13,One year,Credit card,25.01,301.57,No
0,4,Month-to-month,Credit card,62.39,258.12,Yes
0,42,Two year,Mailed check,72.63,3059.7,No
1,61,One year,Credit card,48.31,2949.51,No
1,8,One year,Bank transfer,63.23,515.85,No
0,67,Month-to-month,Mailed check,35.54,2368.68,No
0,63,Month-to-month,Mailed check,48.89,3081.02,Yes
0,9,Month-to-month,Mailed check,79.01,727.74,No
0,11,Month-to-month,Electronic check,48.67,550.67,Yes
0,42,One year,Credit card,105.48,4438.38,No
0,13,Two year,Mailed check,79.7,1022.86,No
0,36,One year,Electronic check,61.67,2204.51,Yes
0,13,Two year,Electronic check,23.68,309.56,Yes
0,12,One year,Mailed check,67.46,812.23,No
0,37,Month-to-month,Mailed check,92.65,3426.54,No
0,52,Month-to-month,Bank transfer,45.23,2339.89,No
0,71,One year,Mailed check,96.64,6867.99,No
0,2,Month-to-month,Bank transfer,43.92,89.49,Yes
0,56,Month-to-month,Mailed check,98.26,5506.91,Yes
1,60,Month-to-month,Mailed check,28.1,1694.9,No
0,23,Two year,Credit card,102.29,2348.57,No
0,40,Month-to-month,Mailed check,67.42,2689.47,No
0,64,One year,Mailed check,48.17,3099.49,No
0,23,Two year,Bank transfer,45.19,1028.01,No
0,29,Month-to-month,Bank transfer,61.04,1763.12,No
0,51,Month-to-month,Credit card,114.91,5878.92,No
0,69,Month-to-month,Mailed check,40.93,2815.96,No
0,31,One year,Mailed check,29.81,922.63,No
0,50,One year,Bank transfer,75.58,3772.82,No
0,20,Two year,Electronic check,66.41,1301.45,Yes
0,55,One year,Electronic check,69.8,3837.15,Yes
0,2,Month-to-month,Electronic check,83.36,151.56,Yes
0,25,Month-to-month,Bank transfer,45.38,1138.32,Yes
0,13,One year,Bank transfer,106.51,1401.21,No
0,70,Month-to-month,Electronic check,61.39,4264.09,Yes
0,67,Month-to-month,Electronic check,32.26,2155.32,No
0,58,Month-to-month,Mailed check,90.52,5256.94,No
1,64,Month-to-month,Bank transfer,81.09,5157.01,Yes
0,69,Month-to-month,Bank transfer,50.0,3470.04,Yes
0,59,Month-to-month,Electronic check,79.04,4669.06,Yes
0,60,Month-to-month,Electronic check,40.89,2469.65,No
0,62,Month-to-month,Credit card,62.26,3851.66,No
1,16,One year,Bank transfer,105.44,1680.39,Yes
0,68,Two year,Credit card,32.69,2220.51,No
1,15,Month-to-month,Mailed check,56.74,883.17,Yes
0,55,One year,Credit card,98.01,5410.32,No
0,35,Month-to-month,Electronic check,112.1,3925.49,Yes
0,55,Month-to-month,Bank transfer,63.12,3475.42,No
1,14,Two year,Bank transfer,68.16,963.76,Yes
0,49,One year,Credit card,74.36,3679.51,No
0,7,Two year,Credit card,108.57,765.73,No
1,30,Month-to-month,Mailed check,101.53,3046.59,Yes
0,49,Month-to-month,Mailed check,36.21,1769.21,Yes
0,16,Two year,Electronic check,61.49,987.36,No
0,51,Month-to-month,Electronic check,64.08,3259.27,No
0,42,Month-to-month,Electronic check,94.96,3995.76,No
0,17,One year,Credit card,77.27,1292.1,No
0,63,Two year,Credit card,82.15,5171.54,No
0,45,Two year,Bank transfer,114.83,5178.37,Yes
0,7,Month-to-month,Electronic check,27.12,195.38,Yes
0,27,Two year,Credit card,41.19,1105.19,No
0,10,Month-to-month,Bank transfer,58.75,584.02,No
0,34,Month-to-month,Electronic check,53.04,1818.89,Yes
0,36,One year,Mailed check,22.06,776.0,No
0,25,Month-to-month,Mailed check,28.72,699.93,No
0,6,Month-to-month,Credit card,84.69,494.2,No
0,24,One year,Bank transfer,103.54,2484.8,No
0,18,Month-to-month,Mailed check,68.85,1218.95,No
0,6,Month-to-month,Bank transfer,71.22,441.62,Yes
0,29,Month-to-month,Bank transfer,44.23,1268.81,No
0,25,Month-to-month,Mailed check,92.95,2327.12,Yes
0,55,Month-to-month,Bank transfer,91.42,5019.41,No
0,46,One year,Mailed check,75.89,3489.96,No
0,24,One year,Credit card,40.2,940.75,No
0,26,Month-to-month,Electronic check,29.22,774.74,Yes
1,28,Two year,Electronic check,26.1,716.38,Yes
0,3,Month-to-month,Credit card,76.31,212.94,Yes
0,38,Month-to-month,Mailed check,98.38,3774.13,No
0,61,Two year,Mailed check,101.54,6202.25,No
0,51,Month-to-month,Mailed check,64.04,3280.48,Yes
0,48,Two year,Mailed check,94.51,4543.36,No
0,21,Month-to-month,Credit card,109.95,2302.16,No
0,54,One year,Electronic check,46.14,2471.96,No
0,56,Month-to-month,Bank transfer,57.81,3232.88,Yes
0,59,Month-to-month,Bank transfer,108.49,6386.24,No
0,51,Month-to-month,Electronic check,52.13,2644.86,No
0,20,One year,Credit card,106.82,2112.65,No
0,59,Month-to-month,Bank transfer,113.2,6680.52,No
0,71,Two year,Electronic check,82.87,5907.37,No
0,9,Month-to-month,Credit card,97.6,886.77,Yes
0,1,Month-to-month,Bank transfer,91.21,91.21,Yes
1,29,Month-to-month,Mailed check,86.46,2506.73,Yes
1,63,One year,Mailed check,49.16,3051.36,No
0,56,Two year,Credit card,25.42,1417.16,Yes
0,68,Month-to-month,Mailed check,52.59,3554.72,No
0,35,One year,Credit card,83.36,2919.62,No
0,3,Month-to-month,Electronic check,29.74,85.32,No
0,7,One year,Electronic check,21.13,134.87,Yes
0,27,Two year,Bank transfer,33.27,899.97,No
1,1,Month-to-month,Credit card,87.99,89.54,Yes
0,71,Month-to-month,Bank transfer,112.42,8004.6,Yes
0,44,Two year,Bank transfer,113.39,4999.46,Yes
0,41,Two year,Electronic check,66.93,2747.38,No
0,42,One year,Bank transfer,102.59,4294.57,Yes
0,33,Month-to-month,Mailed check,90.0,2953.9,No
0,50,Month-to-month,Bank transfer,67.6,3388.98,Yes
0,63,Month-to-month,Credit card,74.41,4684.83,No
0,37,Two year,Mailed check,33.04,1226.22,No
1,59,One year,Electronic check,109.08,6450.39,No
0,48,Month-to-month,Credit card,53.43,2541.94,No
0,5,Month-to-month,Mailed check,62.38,332.86,No
0,48,Month-to-month,Credit card,83.81,4037.42,No
0,3,Month-to-month,Mailed check,51.72,124.34,No
0,47,Month-to-month,Credit card,44.15,2110.35,Yes
1,62,Month-to-month,Credit card,79.95,4961.72,Yes
0,14,Month-to-month,Mailed check,22.37,306.0,Yes
1,63,Month-to-month,Electronic check,88.47,5581.4,Yes
0,61,Month-to-month,Electronic check,68.83,4183.97,No
0,31,Month-to-month,Credit card,77.55,2412.24,No
1,17,Month-to-month,Credit card,80.03,1348.61,No
0,24,Month-to-month,Electronic check,70.07,1711.99,Yes
0,23,Month-to-month,Electronic check,75.34,1733.72,No
0,50,Month-to-month,Bank transfer,84.96,4257.75,No
0,70,Month-to-month,Electronic check,91.55,6396.71,Yes
0,27,One year,Credit card,89.11,2418.22,No
1,15,Two year,Mailed check,102.61,1538.96,Yes
0,50,One year,Electronic check,38.0,1878.82,No
0,36,Month-to-month,Bank transfer,58.11,2088.38,Yes
1,8,Two year,Bank transfer,110.04,909.29,No
0,3,One year,Bank transfer,57.68,185.92,No
0,62,Month-to-month,Mailed check,31.86,1969.64,Yes
0,47,Month-to-month,Electronic check,69.92,3258.2,Yes
0,61,Two year,Electronic check,30.4,1841.91,No
0,32,Month-to-month,Electronic check,39.27,1235.54,No
1,13,Month-to-month,Mailed check,114.84,1465.24,No
0,1,One year,Mailed check,71.43,83.21,No
0,34,Two year,Credit card,46.99,1598.6,No
0,62,Month-to-month,Bank transfer,114.5,7125.93,Yes
0,71,Month-to-month,Bank transfer,111.82,7924.26,No
0,31,Month-to-month,Electronic check,61.87,1917.94,No
0,64,One year,Mailed check,44.74,2842.45,No
0,25,Month-to-month,Mailed check,99.65,2482.33,No
0,38,Month-to-month,Electronic check,87.98,3339.91,No
0,14,Two year,Electronic check,85.26,1188.02,No
0,8,Month-to-month,Credit card,104.85,839.6,No
0,54,One year,Bank transfer,85.49,4631.03,No
0,2,Month-to-month,Bank transfer,46.96,106.92,No
0,56,Month-to-month,Bank transfer,85.92,4799.98,Yes
0,61,One year,Credit card,49.05,2991.59,No
0,22,Month-to-month,Electronic check,92.13,2038.77,Yes
0,35,Month-to-month,Electronic check,78.88,2776.34,Yes
0,16,Month-to-month,Bank transfer,27.35,427.68,Yes
0,50,One year,Bank transfer,68.72,3446.62,No
0,43,Two year,Credit card,52.61,2267.2,Yes
0,17,Two year,Mailed check,51.21,854.58,No
0,58,Month-to-month,Mailed check,77.21,4490.18,No
0,2,Month-to-month,Bank transfer,50.62,103.51,Yes
1,4,Month-to-month,Credit card,93.8,349.08,Yes
1,39,Two year,Bank transfer,26.73,1038.06,No
0,6,Month-to-month,Mailed check,82.74,497.04,No
0,69,Two year,Bank transfer,96.87,6674.94,Yes
0,69,Month-to-month,Mailed check,83.92,5808.9,No
0,20,Two year,Mailed check,67.24,1363.77,No
0,64,Two year,Mailed check,110.28,7052.18,No
0,16,Two year,Electronic check,48.49,768.46,No
0,51,Month-to-month,Electronic check,21.82,1110.85,No
0,37,Month-to-month,Bank transfer,61.04,2255.48,No
1,69,Month-to-month,Mailed check,23.14,1587.77,Yes
0,42,Month-to-month,Electronic check,110.62,4590.41,No
0,57,Month-to-month,Bank transfer,39.94,2302.9,No
0,66,Month-to-month,Bank transfer,94.95,6266.71,Yes
0,9,Month-to-month,Bank transfer,93.58,839.55,Yes
0,64,One year,Bank transfer,40.68,2608.4,No
0,22,One year,Bank transfer,79.02,1737.24,No
0,34,Month-to-month,Credit card,24.57,828.93,No
0,55,Two year,Mailed check,65.94,3611.62,No
0,29,Month-to-month,Bank transfer,21.39,592.73,No
1,38,Month-to-month,Credit card,107.51,4065.06,Yes
1,18,Month-to-month,Mailed check,112.73,2012.39,Yes
0,71,Two year,Electronic check,41.12,2929.28,No
0,65,Month-to-month,Bank transfer,39.77,2595.92,No
0,1,Month-to-month,Credit card,91.6,91.6,Yes
0,4,One year,Electronic check,44.07,136.33,No
0,4,Month-to-month,Credit card,105.03,420.26,Yes
0,27,One year,Mailed check,74.52,2005.72,No
0,43,Two year,Mailed check,53.32,2286.07,No
0,59,Two year,Electronic check,99.11,5861.83,Yes
0,32,Month-to-month,Credit card,66.87,2141.92,No
1,33,Month-to-month,Bank transfer,106.61,3503.48,Yes
0,28,Month-to-month,Bank transfer,108.16,3010.38,No
0,55,Month-to-month,Electronic check,35.71,1960.11,Yes
0,60,Month-to-month,Electronic check,20.22,1199.6,No
1,70,Month-to-month,Electronic check,113.47,7941.81,Yes
0,62,Two year,Credit card,106.08,6592.35,No
0,34,Two year,Bank transfer,25.27,838.48,No
0,56,Month-to-month,Bank transfer,99.14,5553.16,Yes
0,13,Month-to-month,Bank transfer,63.49,839.1,Yes
0,56,Month-to-month,Electronic check,44.6,2496.31,No
0,18,Month-to-month,Bank transfer,103.48,1873.46,Yes
1,54,One year,Mailed check,38.68,2084.41,No
0,43,One year,Electronic check,109.99,4732.13,No
1,39,Two year,Bank transfer,39.53,1548.28,No
0,61,One year,Credit card,78.3,4767.72,No
0,42,Month-to-month,Electronic check,41.19,1759.84,No
1,18,One year,Mailed check,71.84,1301.78,No
0,23,Month-to-month,Mailed check,84.98,1974.08,Yes
0,54,One year,Credit card,38.07,2071.85,No
0,30,Month-to-month,Credit card,69.48,2089.31,Yes
0,58,Month-to-month,Electronic check,64.56,3765.27,No
0,68,Month-to-month,Electronic check,26.75,1821.82,No
0,67,Month-to-month,Mailed check,97.74,6537.63,Yes
0,71,Two year,Credit card,51.89,3684.41,No
0,18,Month-to-month,Electronic check,74.59,1327.53,Yes
0,7,Month-to-month,Mailed check,68.9,450.77,No
0,40,Month-to-month,Credit card,68.76,2737.61,No
0,70,One year,Mailed check,30.19,2114.39,No
1,65,Month-to-month,Bank transfer,60.23,3930.88,No
0,68,Two year,Credit card,62.97,4269.13,No
0,49,Two year,Electronic check,89.7,4410.45,Yes
0,52,One year,Electronic check,99.8,5171.44,No
1,29,One year,Bank transfer,71.77,2067.54,No
0,21,Month-to-month,Credit card,28.24,614.78,Yes
0,9,Month-to-month,Mailed check,42.5,383.21,No
0,47,One year,Electronic check,35.67,1673.89,No
0,42,Month-to-month,Bank transfer,31.84,1340.81,No
0,51,Month-to-month,Bank transfer,54.76,2774.66,No
0,56,One year,Credit card,41.79,2335.28,No
0,51,Month-to-month,Credit card,40.74,2077.78,No
1,70,Two year,Electronic check,25.2,1782.47,No
0,20,Month-to-month,Bank transfer,21.68,408.54,No
0,27,One year,Mailed check,29.76,829.96,No
0,38,Month-to-month,Bank transfer,36.36,1379.81,Yes
1,65,One year,Mailed check,60.94,3944.44,No
0,54,Month-to-month,Mailed check,68.5,3679.63,No
0,24,Month-to-month,Electronic check,33.36,804.74,Yes
0,47,Two year,Bank transfer,60.35,2816.24,Yes
0,71,Month-to-month,Mailed check,52.47,3716.97,No
0,63,Month-to-month,Credit card,37.43,2354.34,Yes
0,57,Month-to-month,Mailed check,20.65,1194.21,No
0,55,One year,Credit card,64.37,3555.63,No
0,60,Month-to-month,Credit card,85.14,5098.76,Yes
0,62,Two year,Bank transfer,41.5,2569.81,No
0,30,Month-to-month,Credit card,32.52,951.67,Yes
0,22,Month-to-month,Mailed check,104.27,2263.35,No
0,29,One year,Credit card,46.13,1319.33,No
0,41,One year,Bank transfer,41.24,1707.69,No
0,42,Two year,Electronic check,101.42,4271.34,Yes
0,65,Two year,Mailed check,97.63,6351.7,Yes
0,31,Month-to-month,Mailed check,62.59,1918.43,No
0,30,Month-to-month,Bank transfer,66.48,1983.73,Yes
0,18,Month-to-month,Bank transfer,40.69,719.55,No
0,17,One year,Bank transfer,27.44,463.99,Yes
0,38,Two year,Bank transfer,74.48,2826.8,No
0,14,Month-to-month,Mailed check,29.34,395.73,No
1,56,Month-to-month,Electronic check,62.68,3515.32,No
0,22,Month-to-month,Credit card,109.35,2409.13,No
1,67,Two year,Credit card,110.52,7393.91,No
0,56,Month-to-month,Electronic check,42.74,2398.0,Yes
1,19,Month-to-month,Electronic check,79.29,1523.37,Yes
0,57,Month-to-month,Electronic check,65.04,3728.7,No
0,44,Two year,Bank transfer,103.19,4547.72,No
0,35,One year,Mailed check,45.79,1609.57,No
0,1,One year,Mailed check,20.35,20.35,Yes
1,52,Month-to-month,Mailed check,35.44,1858.33,Yes
0,70,Month-to-month,Bank transfer,53.2,3707.94,Yes
0,37,One year,Mailed check,49.99,1863.34,No
0,65,Two year,Bank transfer,95.18,6182.39,No
0,51,Month-to-month,Mailed check,84.65,4339.51,Yes
0,1,Month-to-month,Electronic check,48.46,57.28,Yes
0,21,Month-to-month,Credit card,63.49,1332.27,No
0,53,Month-to-month,Credit card,29.08,1537.69,No
0,16,Two year,Bank transfer,105.32,1693.0,Yes
1,61,Month-to-month,Mailed check,108.87,6648.23,No
0,54,Month-to-month,Credit card,113.08,6100.34,No
0,40,Month-to-month,Electronic check,102.51,4101.78,No
0,26,Month-to-month,Electronic check,36.53,963.23,No
0,65,Month-to-month,Electronic check,24.39,1564.9,Yes
0,64,Month-to-month,Bank transfer,75.06,4814.73,Yes
0,43,Month-to-month,Bank transfer,106.7,4595.92,No
0,17,One year,Mailed check,36.85,644.25,No
1,59,Month-to-month,Electronic check,20.67,1208.8,No
0,23,Month-to-month,Mailed check,96.52,2220.05,No
0,7,Two year,Mailed check,27.3,194.18,No
1,44,One year,Electronic check,59.3,2620.28,No
0,53,One year,Mailed check,84.49,4484.41,No
0,71,Month-to-month,Credit card,42.5,2998.91,No
0,34,Month-to-month,Bank transfer,27.98,955.69,Yes
0,46,Month-to-month,Mailed check,93.15,4314.96,No
0,68,Month-to-month,Electronic check,79.87,5440.34,No
0,16,Month-to-month,Bank transfer,113.91,1847.13,Yes
0,71,Two year,Bank transfer,52.71,3758.06,No
1,19,Month-to-month,Mailed check,25.87,511.97,Yes
0,2,Month-to-month,Credit card,89.76,184.17,Yes
1,10,One year,Mailed check,69.56,703.43,No
1,50,Month-to-month,Credit card,40.25,2016.33,No
0,12,One year,Bank transfer,94.26,1131.19,No
0,70,One year,Mailed check,39.36,2766.33,No
0,22,One year,Electronic check,44.76,976.9,No
0,32,Two year,Mailed check,28.79,949.56,No
0,1,Month-to-month,Credit card,57.95,57.95,Yes
1,54,Month-to-month,Credit card,59.8,3241.37,No
0,58,Two year,Mailed check,68.88,4015.72,No
0,70,One year,Credit card,87.35,6111.85,No
0,18,Month-to-month,Bank transfer,106.08,1892.75,No
0,6,Two year,Mailed check,33.08,215.81,No
0,45,Month-to-month,Credit card,25.16,1135.25,No
0,23,Two year,Mailed check,21.76,512.68,No
0,23,Month-to-month,Mailed check,33.64,772.08,Yes
0,26,Month-to-month,Electronic check,82.51,2171.24,Yes
0,7,Two year,Mailed check,89.11,592.01,No
0,44,Month-to-month,Electronic check,94.72,4173.32,Yes
0,27,Month-to-month,Credit card,43.15,1185.18,No
0,26,Month-to-month,Electronic check,49.06,1277.14,Yes
0,36,Two year,Electronic check,65.9,2376.94,No
0,55,Two year,Electronic check,26.0,1423.49,No
0,64,One year,Bank transfer,78.06,4996.15,Yes
1,57,One year,Electronic check,113.45,6441.57,No
0,69,Two year,Mailed check,54.28,3734.54,No
0,61,Month-to-month,Electronic check,91.52,5570.92,No
1,2,Month-to-month,Mailed check,67.5,145.04,Yes
0,55,One year,Electronic check,32.14,1759.13,No
0,38,Month-to-month,Bank transfer,75.31,2853.64,Yes
1,29,Month-to-month,Credit card,48.49,1400.54,Yes
0,26,Month-to-month,Electronic check,23.27,593.79,No
0,35,Month-to-month,Electronic check,80.32,2815.24,No
1,67,Two year,Bank transfer,101.6,6812.86,No
0,29,Month-to-month,Electronic check,52.75,1542.13,Yes
0,34,One year,Mailed check,57.08,1950.51,Yes
0,41,Month-to-month,Electronic check,104.65,4298.94,Yes
0,41,Month-to-month,Electronic check,97.29,3983.96,Yes
0,23,Month-to-month,Credit card,87.92,2016.26,Yes
0,71,One year,Credit card,43.64,3085.37,No
1,3,One year,Electronic check,106.47,306.07,Yes
1,58,Two year,Bank transfer,34.67,2013.77,No
1,32,One year,Credit card,79.54,2534.49,No
0,31,One year,Electronic check,22.74,726.96,Yes
0,43,One year,Credit card,81.15,3488.89,Yes
1,7,Two year,Electronic check,46.33,346.83,No
1,1,One year,Credit card,62.72,71.3,Yes
0,61,Month-to-month,Credit card,52.8,3209.14,No
0,14,Month-to-month,Mailed check,36.41,508.81,Yes
0,52,One year,Electronic check,79.09,4087.58,No
0,6,One year,Electronic check,103.79,625.6,Yes
0,10,Month-to-month,Electronic check,111.11,1100.81,Yes
1,71,Two year,Electronic check,38.27,2700.47,No
0,30,Two year,Credit card,88.15,2667.33,No
0,21,Month-to-month,Mailed check,83.11,1760.77,Yes
0,60,Two year,Mailed check,52.62,3172.25,No
0,63,Month-to-month,Bank transfer,21.81,1385.76,No
0,42,Month-to-month,Electronic check,85.53,3573.74,Yes
0,51,Month-to-month,Bank transfer,109.82,5594.81,No
0,64,Month-to-month,Credit card,80.05,5118.11,Yes
0,56,Two year,Bank transfer,61.35,3409.95,No
0,41,Month-to-month,Electronic check,69.89,2857.13,Yes
0,32,Month-to-month,Mailed check,38.96,1238.53,Yes
0,15,Month-to-month,Mailed check,91.3,1371.39,No
1,62,Month-to-month,Electronic check,90.91,5674.41,Yes
0,27,Month-to-month,Credit card,33.82,912.83,No
0,28,One year,Electronic check,103.41,2897.38,No
0,64,Month-to-month,Credit card,45.57,2912.73,No
1,59,Two year,Mailed check,113.31,6696.36,Yes
0,58,Two year,Credit card,56.38,3253.93,No
0,2,Month-to-month,Electronic check,36.9,102.24,Yes
0,36,Two year,Electronic check,53.41,1920.9,No
0,71,Month-to-month,Electronic check,61.82,4383.29,No
1,13,Month-to-month,Credit card,26.58,360.09,Yes
0,15,Month-to-month,Credit card,74.93,1110.59,No
0,60,Month-to-month,Credit card,76.78,4617.59,Yes
0,22,Month-to-month,Mailed check,90.2,2005.48,Yes
1,63,One year,Bank transfer,22.77,1430.89,No
0,25,Month-to-month,Bank transfer,71.42,1816.29,Yes
0,48,One year,Electronic check,25.03,1211.1,No
0,43,Month-to-month,Mailed check,86.61,3734.08,No
0,38,One year,Credit card,25.29,981.51,No
0,41,Month-to-month,Electronic check,106.61,4395.47,Yes
0,45,Month-to-month,Mailed check,86.7,3905.43,No
0,40,Month-to-month,Electronic check,68.2,2739.95,No
1,17,Month-to-month,Mailed check,61.94,1073.93,No
0,57,Month-to-month,Mailed check,32.41,1829.94,No
0,2,Two year,Bank transfer,47.64,69.34,No
0,62,Month-to-month,Electronic check,102.55,6357.24,Yes
0,9,One year,Credit card,105.92,926.98,Yes
0,68,One year,Bank transfer,20.07,1360.05,No
0,17,Two year,Bank transfer,76.44,1304.2,No
0,50,Month-to-month,Credit card,88.33,4412.37,No
0,40,Month-to-month,Mailed check,78.78,3149.08,No
0,58,Two year,Credit card,27.76,1595.06,No
1,21,One year,Electronic check,40.68,866.1,No
0,18,Month-to-month,Credit card,43.78,772.09,No
1,55,Month-to-month,Mailed check,99.01,5414.01,No
0,29,Month-to-month,Credit card,64.0,1852.89,Yes
0,24,One year,Mailed check,66.25,1603.73,No
0,17,One year,Mailed check,108.81,1850.97,No
1,18,Month-to-month,Electronic check,80.52,1431.89,Yes
0,42,One year,Credit card,105.37,4427.07,No
0,45,One year,Credit card,63.37,2858.22,No
0,17,Month-to-month,Electronic check,34.2,582.75,No
0,14,One year,Mailed check,108.34,1512.79,No
0,49,Two year,Credit card,63.58,3122.71,No
0,29,Month-to-month,Electronic check,37.25,1054.17,Yes
0,4,Two year,Mailed check,48.73,181.51,No
0,20,Month-to-month,Electronic check,24.83,477.02,No
0,47,Month-to-month,Credit card,64.49,3051.26,Yes
0,9,Month-to-month,Electronic check,101.05,920.13,Yes
0,27,Month-to-month,Bank transfer,108.69,2937.41,Yes
1,15,Month-to-month,Mailed check,108.6,1607.24,Yes
1,19,Month-to-month,Bank transfer,31.9,617.26,Yes
1,52,Two year,Bank transfer,56.3,2948.4,No
0,26,Month-to-month,Mailed check,22.68,598.25,No
1,26,One year,Mailed check,101.24,2631.71,No
0,26,Month-to-month,Electronic check,54.08,1415.56,Yes
0,46,Two year,Mailed check,79.96,3682.25,No
0,49,One year,Bank transfer,87.92,4321.97,No
0,53,Month-to-month,Bank transfer,60.84,3238.08,No
1,3,One year,Credit card,49.11,144.01,No
0,66,Month-to-month,Mailed check,111.41,7343.15,Yes
0,42,One year,Bank transfer,111.63,4682.46,Yes
0,19,Month-to-month,Credit card,47.5,910.54,No
0,17,One year,Credit card,65.56,1109.43,No
0,33,One year,Electronic check,112.42,3698.6,Yes
0,49,Month-to-month,Bank transfer,20.46,1002.53,Yes
1,56,Month-to-month,Electronic check,59.2,3331.81,No
0,63,Two year,Bank transfer,29.54,1863.05,No
0,3,Month-to-month,Electronic check,68.37,200.97,No
0,49,Month-to-month,Electronic check,22.34,1099.47,Yes
0,55,Month-to-month,Mailed check,58.66,3227.56,Yes
1,26,Month-to-month,Electronic check,40.97,1036.22,No
0,52,Two year,Mailed check,70.66,3684.77,No
0,7,Month-to-month,Credit card,114.62,808.45,Yes
0,46,Month-to-month,Bank transfer,96.05,4418.54,No
0,46,One year,Credit card,100.34,4631.58,Yes
0,16,Two year,Bank transfer,80.35,1303.79,No
0,24,Month-to-month,Credit card,23.95,586.78,No
0,61,Month-to-month,Bank transfer,39.65,2405.9,No
0,54,Two year,Electronic check,107.88,5813.28,No
0,62,One year,Bank transfer,54.78,3413.12,No
0,1,Month-to-month,Bank transfer,29.85,29.85,No
0,49,Month-to-month,Credit card,86.73,4247.54,No
0,25,Month-to-month,Credit card,48.45,1217.85,No
1,10,Month-to-month,Credit card,45.54,429.14,Yes
0,16,Month-to-month,Mailed check,114.81,1840.48,No
0,58,Two year,Mailed check,101.52,5902.48,No
0,29,Month-to-month,Bank transfer,58.75,1681.47,No
1,6,One year,Bank transfer,113.12,703.59,No
0,16,Month-to-month,Electronic check,81.76,1293.01,Yes
0,20,One year,Electronic check,90.49,1818.42,No
0,71,One year,Bank transfer,22.99,1631.04,No
1,43,Month-to-month,Mailed check,31.55,1357.69,Yes
1,26,Month-to-month,Bank transfer,80.14,2064.39,Yes
0,71,Month-to-month,Electronic check,105.41,7503.02,Yes
0,33,Two year,Mailed check,79.26,2620.47,No
0,26,Two year,Mailed check,32.73,875.29,Yes
0,45,Month-to-month,Electronic check,31.0,1376.14,No
0,63,Month-to-month,Bank transfer,100.2,6309.88,Yes
0,67,Month-to-month,Credit card,33.23,2229.55,No
0,52,One year,Bank transfer,69.42,3610.75,No
0,68,Month-to-month,Bank transfer,23.53,1610.04,Yes
0,26,Month-to-month,Electronic check,27.66,716.25,No
0,2,Month-to-month,Mailed check,83.87,199.57,No
0,14,Month-to-month,Electronic check,85.47,1197.18,Yes
1,30,One year,Bank transfer,52.44,1529.94,No
0,49,Month-to-month,Credit card,40.48,1984.78,Yes
0,12,One year,Credit card,97.3,1186.52,No
0,44,Month-to-month,Credit card,40.62,1773.43,Yes
0,33,Month-to-month,Electronic check,71.49,2344.37,No
0,13,One year,Mailed check,111.98,1443.13,No
0,26,Two year,Electronic check,34.05,869.15,Yes
1,21,One year,Credit card,109.38,2289.79,No
0,28,Month-to-month,Bank transfer,37.37,1060.0,Yes
0,48,Month-to-month,Mailed check,73.91,3570.57,No
1,40,Two year,Electronic check,55.82,2196.44,Yes
0,66,Month-to-month,Electronic check,111.67,7364.54,Yes
1,23,Month-to-month,Mailed check,45.99,1062.31,Yes
1,48,Two year,Mailed check,57.97,2785.6,No
0,2,Two year,Bank transfer,113.37,255.24,No
0,20,Two year,Mailed check,70.96,1389.04,Yes
0,59,Two year,Bank transfer,67.75,3958.41,No
0,46,Two year,Credit card,44.49,2077.47,No
0,3,Month-to-month,Credit card,86.63,271.19,Yes
1,55,Month-to-month,Electronic check,21.37,1166.78,No
0,12,One year,Credit card,24.7,298.97,No
0,40,Month-to-month,Credit card,76.94,3081.25,Yes
0,66,Month-to-month,Bank transfer,52.46,3453.43,Yes
0,16,Month-to-month,Electronic check,110.57,1771.25,Yes
