age,sex,cp,trestbps,chol,thalach,exang,target
38,1,1,131,227,166,0,1
42,0,0,110,221,143,0,0
51,1,2,147,196,148,1,0
42,1,1,127,340,171,0,0
66,0,0,94,242,149,1,0
58,0,0,136,186,156,0,1
46,1,1,139,256,154,0,1
64,0,2,116,212,144,1,1
62,0,0,127,226,139,0,0
56,1,0,142,261,139,0,0
53,1,1,136,323,131,1,1
51,1,0,104,251,157,0,0
49,1,2,152,209,170,0,1
41,1,1,160,220,146,1,0
67,0,0,122,279,152,0,1
49,0,0,98,146,170,1,0
54,0,1,144,192,133,0,1
45,0,0,119,256,149,1,0
51,0,0,140,158,149,0,0
77,1,2,168,230,128,1,1
47,1,0,104,221,160,0,1
67,0,0,117,290,144,0,0
53,1,0,127,233,154,0,0
60,1,1,152,306,145,0,0
65,1,0,191,250,153,1,0
56,0,3,135,336,157,1,1
50,1,2,103,175,176,0,1
52,0,0,125,328,152,1,1
52,1,0,117,225,152,0,0
70,0,0,143,321,117,0,1
40,1,1,137,306,161,0,1
38,0,2,113,126,172,0,1
38,1,1,116,270,169,0,1
45,0,0,124,296,155,1,1
60,1,2,126,313,142,0,1
60,1,0,130,185,139,0,0
48,1,2,131,276,153,0,1
53,1,2,151,255,154,1,1
43,1,0,124,268,167,0,1
44,1,0,121,296,166,0,0
59,0,2,108,304,155,0,1
63,1,2,127,212,152,1,1
49,1,0,135,259,137,0,0
68,0,0,101,248,135,1,0
62,1,1,125,233,144,0,1
68,1,0,150,238,141,1,0
51,1,0,142,255,149,0,1
67,1,0,137,215,125,0,0
73,1,0,141,291,124,0,1
50,0,1,121,310,145,0,0
52,1,3,118,204,158,0,1
45,1,2,152,313,160,1,1
43,1,0,145,204,167,1,0
43,0,1,118,291,160,1,1
46,1,1,99,313,146,0,1
56,0,0,118,241,144,0,1
47,0,2,140,204,141,0,1
56,0,0,119,215,151,0,1
56,0,3,136,264,157,1,1
49,1,0,155,346,150,0,0
53,0,1,129,159,150,1,1
49,1,0,134,251,152,0,0
51,0,0,142,241,152,1,1
46,0,0,112,222,163,0,1
54,0,2,117,241,149,1,1
48,1,2,143,218,147,0,1
43,1,2,131,309,151,0,1
59,0,2,133,314,150,1,1
59,1,2,131,250,143,0,1
64,1,0,147,238,126,0,1
44,1,0,138,220,165,0,1
49,0,2,138,250,162,0,1
56,1,1,151,340,141,0,1
49,1,2,158,240,149,0,1
59,1,0,169,203,154,0,1
58,1,0,121,225,160,0,1
58,0,2,172,284,144,0,1
67,0,1,112,209,142,0,1
59,1,0,163,244,162,1,0
55,1,2,120,270,156,1,1
52,0,2,129,213,146,0,1
52,1,0,131,156,154,0,0
44,1,2,116,191,145,0,1
38,1,3,132,202,187,1,1
58,1,3,117,234,133,1,0
65,1,2,110,248,143,0,1
51,1,1,130,288,158,1,1
68,1,0,158,183,152,0,0
52,1,0,126,280,148,0,0
36,0,0,146,227,187,1,1
62,1,0,116,154,134,0,0
49,0,0,109,246,171,0,0
63,1,0,138,313,155,0,0
42,0,0,160,291,174,1,0
57,0,0,134,242,155,0,0
46,0,2,145,303,149,0,1
55,0,0,156,255,134,0,0
60,1,1,130,296,151,0,1
58,1,1,128,161,147,0,1
54,1,0,139,182,146,0,0
41,1,3,142,283,167,1,0
60,1,1,107,324,140,0,1
63,0,0,136,267,142,0,1
44,1,0,130,220,163,0,1
45,1,0,117,202,174,0,0
63,0,0,129,229,140,1,0
52,1,0,111,307,143,0,1
46,0,1,105,228,166,0,1
56,0,2,132,299,168,1,1
48,1,2,146,279,160,1,0
55,1,0,125,333,134,0,1
50,0,0,114,256,142,0,0
51,0,0,117,243,159,0,1
63,0,0,140,301,137,0,0
31,1,0,159,198,167,1,0
58,0,2,144,223,132,0,1
62,1,0,153,160,158,0,1
48,1,2,113,182,167,0,1
62,1,0,129,344,163,0,1
45,1,3,148,281,166,0,1
48,1,1,107,176,146,1,1
47,1,2,119,306,163,0,1
62,1,0,147,210,156,0,0
38,1,2,135,278,164,1,1
68,0,2,114,277,134,0,1
51,1,2,103,330,164,1,1
59,1,1,153,218,151,0,1
58,1,2,96,208,145,0,1
55,0,0,141,126,142,0,0
48,1,1,121,239,163,1,1
65,1,2,148,282,147,0,1
49,1,0,113,289,136,0,0
47,0,0,175,309,160,1,0
61,1,0,137,260,141,0,1
55,1,2,140,271,143,0,1
66,1,0,117,249,156,0,1
53,1,0,128,282,152,0,1
48,1,0,129,198,173,1,0
56,1,2,161,174,150,1,1
49,1,0,137,203,142,1,0
48,0,2,140,256,166,1,1
61,0,0,140,179,160,0,0
70,1,2,141,213,116,1,0
51,0,3,107,215,165,0,1
45,1,0,165,285,174,0,1
52,0,0,116,279,136,0,0
58,1,2,130,249,158,0,1
56,1,0,157,269,132,1,0
64,0,0,163,270,138,0,0
59,0,2,144,227,133,0,1
44,0,3,122,218,159,0,1
49,1,1,133,324,145,0,0
41,0,0,133,126,173,0,1
64,0,0,134,208,147,1,0
36,1,0,110,235,190,0,1
42,1,2,152,274,153,1,1
49,1,2,133,303,151,0,1
59,0,2,118,340,156,0,1
49,1,0,122,241,173,0,0
50,1,1,135,244,152,1,0
50,1,0,107,264,138,0,0
55,1,0,145,218,151,1,0
43,1,2,134,185,168,1,1
45,1,0,157,241,169,1,0
69,0,1,132,284,123,1,1
57,0,2,112,233,155,1,0
60,0,3,110,267,148,0,1
54,1,2,124,150,140,1,1
52,1,2,126,246,146,0,1
58,1,1,121,225,150,1,0
60,1,0,133,180,151,0,1
61,1,0,120,279,129,0,1
52,0,1,135,340,164,0,1
62,1,2,122,296,145,0,0
31,1,1,141,299,189,0,1
62,1,0,125,282,131,0,1
50,1,0,152,278,159,1,1
58,0,0,142,154,153,0,0
48,1,2,134,239,150,0,1
42,1,1,127,271,177,1,1
57,1,2,105,273,141,0,1
40,1,0,155,310,168,0,0
50,1,0,119,193,167,1,0
46,1,2,132,276,168,1,1
52,1,2,136,191,159,0,1
61,1,0,127,235,148,0,1
49,1,1,154,242,167,0,1
56,0,0,110,289,146,0,0
60,1,2,160,283,157,0,1
48,0,2,142,252,180,1,1
48,0,2,126,136,137,1,1
66,1,1,127,268,137,0,1
53,1,0,94,232,131,0,1
58,1,1,116,316,157,1,1
58,0,2,124,304,142,0,1
43,1,1,133,198,153,0,1
47,1,1,152,275,159,0,1
57,1,0,165,276,162,0,0
35,0,3,135,272,172,1,0
52,1,2,134,266,146,0,1
46,1,0,122,278,153,0,0
63,1,1,101,322,142,0,1
57,1,0,120,217,139,1,0
64,1,0,127,199,132,0,1
53,0,0,147,285,157,0,1
52,0,2,139,149,168,0,1
51,0,2,134,279,152,0,1
49,1,1,121,270,163,0,1
77,1,1,97,126,126,0,1
61,1,0,98,213,130,0,0
44,1,0,102,326,156,0,0
77,1,0,126,171,115,1,0
50,1,2,147,256,165,1,1
56,1,2,147,194,138,0,1
62,1,0,144,209,126,0,1
40,1,2,122,343,164,0,1
46,0,2,150,252,135,0,1
68,1,0,115,272,145,1,1
51,0,2,145,240,160,1,1
62,0,1,102,168,136,0,1
49,1,1,110,185,155,0,1
53,1,0,159,306,159,0,1
70,1,2,127,253,128,0,1
57,0,2,119,206,144,0,0
50,1,0,149,244,160,0,1
47,0,1,151,279,156,1,1
48,1,0,123,269,149,0,0
65,0,2,135,206,146,0,1
60,0,1,133,165,139,1,1
43,1,2,94,225,170,0,1
54,1,0,107,302,157,0,0
53,1,0,147,289,140,0,0
56,1,0,116,266,142,0,0
48,1,0,140,237,175,1,0
63,0,0,135,219,145,1,0
53,1,1,151,238,147,1,1
57,0,0,107,285,146,1,1
46,0,1,137,297,152,0,1
47,1,0,129,232,156,1,0
77,0,1,117,375,129,1,1
70,1,2,117,250,136,0,1
53,0,1,134,228,141,0,1
67,1,3,141,321,131,0,0
64,1,0,132,142,136,0,0
48,1,0,132,270,156,0,0
47,1,0,122,242,163,1,1
60,1,0,123,319,148,1,1
56,1,2,117,276,138,0,1
50,1,1,122,253,145,0,0
60,0,1,141,279,151,1,1
41,1,0,143,192,163,0,1
55,1,3,109,295,145,0,1
42,1,2,115,177,158,1,1
43,0,0,118,264,157,1,1
47,0,0,129,247,169,1,0
57,1,2,102,156,159,0,0
47,1,3,116,249,146,0,1
43,1,0,107,260,146,1,0
58,1,0,137,212,161,0,1
67,0,3,130,194,138,1,1
59,1,2,123,271,137,0,1
70,0,0,112,264,157,0,1
66,1,1,123,257,149,0,1
49,0,3,121,246,156,0,1
59,1,2,158,217,151,1,1
53,0,2,147,361,149,0,1
63,0,2,119,230,127,1,1
53,0,0,133,201,160,1,0
46,1,2,147,248,158,0,1
66,1,0,119,236,142,1,0
56,1,3,106,229,147,0,1
48,1,0,100,341,156,1,1
49,1,2,152,188,129,0,1
47,1,0,127,247,143,0,1
44,1,1,135,191,176,0,1
49,1,0,121,218,165,1,1
57,1,2,109,334,155,1,1
54,1,2,112,260,163,0,1
50,1,2,108,259,168,0,1
67,1,1,145,198,139,0,0
35,1,0,156,224,177,1,1
56,1,3,131,338,157,0,1
52,0,2,105,271,132,1,1
45,0,2,139,228,166,0,0
57,0,2,152,268,152,0,1
52,0,2,147,259,145,1,0
65,1,0,130,203,144,1,1
61,0,2,127,227,155,1,1
71,1,1,130,360,136,0,1
49,1,2,151,265,135,1,1
66,1,2,143,165,143,0,0
43,1,0,124,272,171,1,0
53,1,0,124,312,147,0,1
49,1,0,122,199,159,0,0
59,0,0,112,222,118,0,1
59,1,1,153,320,153,0,1
45,1,2,117,247,142,0,1
59,1,0,139,238,134,1,0
50,1,0,119,177,158,1,0
46,1,2,122,300,159,1,1
53,0,2,129,236,162,0,1
40,1,1,140,135,170,0,1
62,1,2,126,165,146,1,1
53,1,1,111,217,150,0,0
53,1,0,131,191,166,0,0
53,0,0,117,199,148,1,1
68,1,0,157,365,138,0,0
67,0,0,126,282,134,0,0
66,0,3,119,126,133,1,1
53,0,2,164,229,154,0,1
43,1,0,143,241,157,1,1
53,1,1,115,170,152,0,1
56,1,0,117,273,141,0,1
61,1,2,139,141,140,0,1
56,0,2,131,301,147,1,0
44,0,0,146,319,162,0,1
49,0,0,119,365,143,1,0
48,0,1,142,165,152,0,1
58,1,1,94,176,160,0,1
59,1,0,128,281,150,1,0
60,1,1,120,306,147,0,1
56,0,1,123,287,149,0,1
35,0,0,129,301,168,0,0
38,0,0,150,316,176,0,1
52,0,0,111,256,153,0,0
54,0,2,94,235,154,0,1
65,0,3,113,176,129,0,0
54,0,2,148,230,160,0,1
45,1,2,103,238,160,0,1
59,1,1,121,197,152,0,1
53,1,2,145,244,133,1,1
50,1,3,130,191,142,1,1
39,1,0,150,302,182,0,1
54,1,1,96,267,158,0,0
56,0,2,125,222,140,1,0
45,1,2,153,255,155,0,1
60,0,0,111,189,140,0,0
59,1,1,148,194,144,0,1
54,1,2,126,213,141,1,0
54,1,0,138,236,143,0,1
62,1,2,152,253,145,1,0
57,1,0,138,253,159,1,1
47,1,3,120,178,174,0,1
52,1,1,140,241,154,1,1
59,1,1,119,204,164,0,1
35,1,0,135,126,167,0,0
45,0,0,109,402,163,0,1
60,1,1,131,205,125,0,1
64,1,0,151,208,137,0,0
63,0,1,125,177,142,0,1
62,1,0,149,192,159,0,1
55,0,2,183,236,162,0,1
44,0,2,130,314,154,0,1
52,0,0,141,236,156,1,1
36,1,1,139,229,143,0,1
65,0,2,134,307,140,0,0
46,0,1,144,219,157,0,1
49,1,0,126,247,169,0,1
63,1,2,119,198,132,0,1
39,1,0,105,331,175,0,0
43,0,0,125,299,156,0,1
56,1,0,146,238,140,0,0
58,0,1,115,225,146,1,1
53,1,0,135,244,134,1,0
53,0,3,128,238,158,0,1
65,1,0,120,167,123,1,1
59,1,0,99,301,158,0,1
58,1,1,154,234,139,0,0
60,1,0,139,342,146,1,0
51,1,1,176,267,161,0,1
73,1,0,149,126,148,0,1
33,1,0,153,180,174,0,1
67,0,0,101,136,141,0,1
62,0,0,100,180,141,0,1
56,1,0,131,162,141,0,0
54,1,2,111,258,159,0,1
52,1,1,119,229,135,0,1
63,0,1,173,283,147,1,1
53,1,1,151,244,145,0,1
47,1,1,115,233,157,1,0
62,1,3,94,348,144,1,0
68,0,0,113,257,136,1,0
36,1,0,121,241,178,1,0
75,0,0,125,202,133,0,0
44,1,0,109,186,174,0,1
45,1,0,150,285,165,0,1
42,1,2,118,282,167,1,0
54,1,0,142,326,142,0,0
42,1,3,131,270,166,0,1
43,1,0,146,225,166,0,1
47,1,0,126,272,155,1,0
55,1,3,115,241,148,0,0
56,1,2,120,290,154,0,1
65,0,0,121,314,136,0,0
64,1,1,166,237,142,1,0
63,1,2,132,335,147,0,1
51,1,1,131,306,158,0,1
37,1,0,145,246,158,0,0
37,1,2,130,280,172,0,1
63,1,1,150,261,139,1,1
